"","country","iso2","iso3","project","wikidata_id","page_id","page_title","date","time","roll_pct_pageviews"
"1","United States","US","USA","en.wikipedia","Q382370",242702,"Mpox",2022-01-01,1,0
"2","United States","US","USA","en.wikipedia","Q382370",242702,"Mpox",2022-01-02,2,0
"3","United States","US","USA","en.wikipedia","Q382370",242702,"Mpox",2022-01-03,3,1.89040190244327e-07
"4","United States","US","USA","en.wikipedia","Q382370",242702,"Mpox",2022-01-04,4,2.25516065878719e-07
"5","United States","US","USA","en.wikipedia","Q382370",242702,"Mpox",2022-05-10,5,1.80412852702975e-07
"6","United States","US","USA","en.wikipedia","Q382370",242702,"Mpox",2022-05-11,6,1.50344043919146e-07
"7","United States","US","USA","en.wikipedia","Q382370",242702,"Mpox",2022-05-12,7,1.28866323359268e-07
"8","United States","US","USA","en.wikipedia","Q382370",242702,"Mpox",2022-05-13,8,1.28866323359268e-07
"9","United States","US","USA","en.wikipedia","Q382370",242702,"Mpox",2022-05-14,9,1.93546342066719e-07
"10","United States","US","USA","en.wikipedia","Q382370",242702,"Mpox",2022-05-15,10,1.12529117676294e-07
"11","United States","US","USA","en.wikipedia","Q382370",242702,"Mpox",2022-05-16,11,6.46800187074516e-08
"12","United States","US","USA","en.wikipedia","Q382370",242702,"Mpox",2022-05-17,12,6.46800187074516e-08
"13","United States","US","USA","en.wikipedia","Q382370",242702,"Mpox",2022-05-18,13,5.31807846122885e-07
"14","United States","US","USA","en.wikipedia","Q382370",242702,"Mpox",2022-05-19,14,2.63786845526041e-06
"15","United States","US","USA","en.wikipedia","Q382370",242702,"Mpox",2022-05-20,15,4.65091980672757e-06
"16","United States","US","USA","en.wikipedia","Q382370",242702,"Mpox",2022-05-21,16,6.1135309989905e-06
"17","United States","US","USA","en.wikipedia","Q382370",242702,"Mpox",2022-05-22,17,7.90979767237225e-06
"18","United States","US","USA","en.wikipedia","Q382370",242702,"Mpox",2022-05-23,18,8.90553488344701e-06
"19","United States","US","USA","en.wikipedia","Q382370",242702,"Mpox",2022-05-24,19,9.44785196337872e-06
"20","United States","US","USA","en.wikipedia","Q382370",242702,"Mpox",2022-05-25,20,9.23441805549322e-06
"21","United States","US","USA","en.wikipedia","Q382370",242702,"Mpox",2022-05-26,21,7.33915135347762e-06
"22","United States","US","USA","en.wikipedia","Q382370",242702,"Mpox",2022-05-27,22,5.4755138913794e-06
"23","United States","US","USA","en.wikipedia","Q382370",242702,"Mpox",2022-05-28,23,4.73524752342544e-06
"24","United States","US","USA","en.wikipedia","Q382370",242702,"Mpox",2022-05-29,24,3.50343332099302e-06
"25","United States","US","USA","en.wikipedia","Q382370",242702,"Mpox",2022-05-30,25,3.03407164677765e-06
"26","United States","US","USA","en.wikipedia","Q382370",242702,"Mpox",2022-05-31,26,3.09154243263073e-06
"27","United States","US","USA","en.wikipedia","Q382370",242702,"Mpox",2022-06-01,27,3.37613211816725e-06
"28","United States","US","USA","en.wikipedia","Q382370",242702,"Mpox",2022-06-02,28,3.16533821104532e-06
"29","United States","US","USA","en.wikipedia","Q382370",242702,"Mpox",2022-06-03,29,3.61685160963599e-06
"30","United States","US","USA","en.wikipedia","Q382370",242702,"Mpox",2022-06-04,30,3.37273868502693e-06
"31","United States","US","USA","en.wikipedia","Q382370",242702,"Mpox",2022-06-05,31,2.8082862140776e-06
"32","United States","US","USA","en.wikipedia","Q382370",242702,"Mpox",2022-06-06,32,2.28191067721822e-06
"33","United States","US","USA","en.wikipedia","Q382370",242702,"Mpox",2022-06-07,33,1.68212281143342e-06
"34","United States","US","USA","en.wikipedia","Q382370",242702,"Mpox",2022-06-08,34,1.20583707809628e-06
"35","United States","US","USA","en.wikipedia","Q382370",242702,"Mpox",2022-06-09,35,1.25163585313242e-06
"36","United States","US","USA","en.wikipedia","Q382370",242702,"Mpox",2022-06-10,36,6.50708565172814e-07
"37","United States","US","USA","en.wikipedia","Q382370",242702,"Mpox",2022-06-11,37,1.07796646765457e-07
"38","United States","US","USA","en.wikipedia","Q382370",242702,"Mpox",2022-06-12,38,1.07796646765457e-07
"39","United States","US","USA","en.wikipedia","Q382370",242702,"Mpox",2022-06-13,39,1.07796646765457e-07
"40","United States","US","USA","en.wikipedia","Q382370",242702,"Mpox",2022-06-14,40,1.07796646765457e-07
"41","United States","US","USA","en.wikipedia","Q382370",242702,"Mpox",2022-06-15,41,5.70466528064827e-07
"42","United States","US","USA","en.wikipedia","Q382370",242702,"Mpox",2022-06-16,42,1.00003858721704e-06
"43","United States","US","USA","en.wikipedia","Q382370",242702,"Mpox",2022-06-17,43,1.35356638182627e-06
"44","United States","US","USA","en.wikipedia","Q382370",242702,"Mpox",2022-06-18,44,1.60780070999403e-06
"45","United States","US","USA","en.wikipedia","Q382370",242702,"Mpox",2022-06-19,45,1.90912543552563e-06
"46","United States","US","USA","en.wikipedia","Q382370",242702,"Mpox",2022-06-20,46,2.12977758317335e-06
"47","United States","US","USA","en.wikipedia","Q382370",242702,"Mpox",2022-06-21,47,2.34973010206023e-06
"48","United States","US","USA","en.wikipedia","Q382370",242702,"Mpox",2022-06-22,48,2.02930012959816e-06
"49","United States","US","USA","en.wikipedia","Q382370",242702,"Mpox",2022-06-23,49,1.59386195237433e-06
"50","United States","US","USA","en.wikipedia","Q382370",242702,"Mpox",2022-06-24,50,1.2403341577651e-06
"51","United States","US","USA","en.wikipedia","Q382370",242702,"Mpox",2022-06-25,51,1.26627423951295e-06
"52","United States","US","USA","en.wikipedia","Q382370",242702,"Mpox",2022-06-26,52,1.22714884650323e-06
"53","United States","US","USA","en.wikipedia","Q382370",242702,"Mpox",2022-06-27,53,1.27375488549418e-06
"54","United States","US","USA","en.wikipedia","Q382370",242702,"Mpox",2022-06-28,54,1.36874294417668e-06
"55","United States","US","USA","en.wikipedia","Q382370",242702,"Mpox",2022-06-29,55,1.76171903737756e-06
"56","United States","US","USA","en.wikipedia","Q382370",242702,"Mpox",2022-06-30,56,2.15975398469524e-06
"57","United States","US","USA","en.wikipedia","Q382370",242702,"Mpox",2022-07-01,57,2.54652599308694e-06
"58","United States","US","USA","en.wikipedia","Q382370",242702,"Mpox",2022-07-02,58,2.7386351059878e-06
"59","United States","US","USA","en.wikipedia","Q382370",242702,"Mpox",2022-07-03,59,2.80016159049237e-06
"60","United States","US","USA","en.wikipedia","Q382370",242702,"Mpox",2022-07-04,60,2.81650891728408e-06
"61","United States","US","USA","en.wikipedia","Q382370",242702,"Mpox",2022-07-05,61,2.77739542693767e-06
"62","United States","US","USA","en.wikipedia","Q382370",242702,"Mpox",2022-07-06,62,2.52212526315607e-06
"63","United States","US","USA","en.wikipedia","Q382370",242702,"Mpox",2022-07-07,63,2.55081205746128e-06
"64","United States","US","USA","en.wikipedia","Q382370",242702,"Mpox",2022-07-08,64,2.66958657869403e-06
"65","United States","US","USA","en.wikipedia","Q382370",242702,"Mpox",2022-07-09,65,2.64000808956326e-06
"66","United States","US","USA","en.wikipedia","Q382370",242702,"Mpox",2022-07-10,66,2.76185304219366e-06
"67","United States","US","USA","en.wikipedia","Q382370",242702,"Mpox",2022-07-11,67,2.87392378820819e-06
"68","United States","US","USA","en.wikipedia","Q382370",242702,"Mpox",2022-07-12,68,2.63192262021609e-06
"69","United States","US","USA","en.wikipedia","Q382370",242702,"Mpox",2022-07-13,69,2.31653814181995e-06
"70","United States","US","USA","en.wikipedia","Q382370",242702,"Mpox",2022-07-14,70,2.41023747330516e-06
"71","United States","US","USA","en.wikipedia","Q382370",242702,"Mpox",2022-07-15,71,2.51309692512671e-06
"72","United States","US","USA","en.wikipedia","Q382370",242702,"Mpox",2022-07-16,72,2.07039189144101e-06
"73","United States","US","USA","en.wikipedia","Q382370",242702,"Mpox",2022-07-17,73,1.62482112178416e-06
"74","United States","US","USA","en.wikipedia","Q382370",242702,"Mpox",2022-07-18,74,1.97991651292334e-06
"75","United States","US","USA","en.wikipedia","Q382370",242702,"Mpox",2022-07-19,75,2.6937918128789e-06
"76","United States","US","USA","en.wikipedia","Q382370",242702,"Mpox",2022-07-20,76,2.7073017110286e-06
"77","United States","US","USA","en.wikipedia","Q382370",242702,"Mpox",2022-07-21,77,2.78503479924598e-06
"78","United States","US","USA","en.wikipedia","Q382370",242702,"Mpox",2022-07-22,78,2.74225345510528e-06
"79","United States","US","USA","en.wikipedia","Q382370",242702,"Mpox",2022-07-23,79,2.89674732826412e-06
"80","United States","US","USA","en.wikipedia","Q382370",242702,"Mpox",2022-07-24,80,3.04745433603252e-06
"81","United States","US","USA","en.wikipedia","Q382370",242702,"Mpox",2022-07-25,81,2.42205863418614e-06
"82","United States","US","USA","en.wikipedia","Q382370",242702,"Mpox",2022-07-26,82,1.79262019766619e-06
"83","United States","US","USA","en.wikipedia","Q382370",242702,"Mpox",2022-07-27,83,3.32374198796514e-06
"84","United States","US","USA","en.wikipedia","Q382370",242702,"Mpox",2022-07-28,84,4.27102124799936e-06
"85","United States","US","USA","en.wikipedia","Q382370",242702,"Mpox",2022-07-29,85,5.73740810966435e-06
"86","United States","US","USA","en.wikipedia","Q382370",242702,"Mpox",2022-07-30,86,7.80943756451744e-06
"87","United States","US","USA","en.wikipedia","Q382370",242702,"Mpox",2022-07-31,87,9.98755042415963e-06
"88","United States","US","USA","en.wikipedia","Q382370",242702,"Mpox",2022-08-01,88,1.22718028716454e-05
"89","United States","US","USA","en.wikipedia","Q382370",242702,"Mpox",2022-08-02,89,1.23222643587817e-05
"90","United States","US","USA","en.wikipedia","Q382370",242702,"Mpox",2022-08-03,90,1.32322141082608e-05
"91","United States","US","USA","en.wikipedia","Q382370",242702,"Mpox",2022-08-04,91,1.1789364676856e-05
"92","United States","US","USA","en.wikipedia","Q382370",242702,"Mpox",2022-08-05,92,9.90113957397599e-06
"93","United States","US","USA","en.wikipedia","Q382370",242702,"Mpox",2022-08-06,93,9.51905389132494e-06
"94","United States","US","USA","en.wikipedia","Q382370",242702,"Mpox",2022-08-07,94,8.57192428150481e-06
"95","United States","US","USA","en.wikipedia","Q382370",242702,"Mpox",2022-08-08,95,7.47999078466842e-06
"96","United States","US","USA","en.wikipedia","Q382370",242702,"Mpox",2022-08-09,96,7.31126651486561e-06
"97","United States","US","USA","en.wikipedia","Q382370",242702,"Mpox",2022-08-10,97,4.83012584534821e-06
"98","United States","US","USA","en.wikipedia","Q382370",242702,"Mpox",2022-08-11,98,5.66983636691647e-06
"99","United States","US","USA","en.wikipedia","Q382370",242702,"Mpox",2022-08-12,99,6.35697382813325e-06
"100","United States","US","USA","en.wikipedia","Q382370",242702,"Mpox",2022-08-13,100,5.23898507831407e-06
"101","United States","US","USA","en.wikipedia","Q382370",242702,"Mpox",2022-08-14,101,4.5600248017566e-06
"102","United States","US","USA","en.wikipedia","Q382370",242702,"Mpox",2022-08-15,102,3.94805649144534e-06
"103","United States","US","USA","en.wikipedia","Q382370",242702,"Mpox",2022-08-16,103,4.67435301708656e-06
"104","United States","US","USA","en.wikipedia","Q382370",242702,"Mpox",2022-08-17,104,5.38195883493505e-06
"105","United States","US","USA","en.wikipedia","Q382370",242702,"Mpox",2022-08-18,105,5.14644575875335e-06
"106","United States","US","USA","en.wikipedia","Q382370",242702,"Mpox",2022-08-19,106,4.99275531913165e-06
"107","United States","US","USA","en.wikipedia","Q382370",242702,"Mpox",2022-08-20,107,4.80290242312837e-06
"108","United States","US","USA","en.wikipedia","Q382370",242702,"Mpox",2022-08-21,108,4.61782378400693e-06
"109","United States","US","USA","en.wikipedia","Q382370",242702,"Mpox",2022-08-22,109,4.43980495027459e-06
"110","United States","US","USA","en.wikipedia","Q382370",242702,"Mpox",2022-08-23,110,3.71350842463338e-06
"111","United States","US","USA","en.wikipedia","Q382370",242702,"Mpox",2022-08-24,111,3.40358804704857e-06
"112","United States","US","USA","en.wikipedia","Q382370",242702,"Mpox",2022-08-25,112,3.00696919608828e-06
"113","United States","US","USA","en.wikipedia","Q382370",242702,"Mpox",2022-08-26,113,2.65042362895532e-06
"114","United States","US","USA","en.wikipedia","Q382370",242702,"Mpox",2022-08-27,114,2.39093768843078e-06
"115","United States","US","USA","en.wikipedia","Q382370",242702,"Mpox",2022-08-28,115,2.11560527825588e-06
"116","United States","US","USA","en.wikipedia","Q382370",242702,"Mpox",2022-08-29,116,1.85530669826209e-06
"117","United States","US","USA","en.wikipedia","Q382370",242702,"Mpox",2022-08-30,117,2.15354538347644e-06
"118","United States","US","USA","en.wikipedia","Q382370",242702,"Mpox",2022-08-31,118,1.75585994321275e-06
"119","United States","US","USA","en.wikipedia","Q382370",242702,"Mpox",2022-09-01,119,1.40576470186696e-06
"120","United States","US","USA","en.wikipedia","Q382370",242702,"Mpox",2022-09-02,120,1.08507685131461e-06
"121","United States","US","USA","en.wikipedia","Q382370",242702,"Mpox",2022-09-03,121,9.86462797414847e-07
"122","United States","US","USA","en.wikipedia","Q382370",242702,"Mpox",2022-09-04,122,7.44143865678187e-07
"123","United States","US","USA","en.wikipedia","Q382370",242702,"Mpox",2022-09-05,123,4.76734690328468e-07
"124","United States","US","USA","en.wikipedia","Q382370",242702,"Mpox",2022-09-06,124,1.78496005114118e-07
"125","United States","US","USA","en.wikipedia","Q382370",242702,"Mpox",2022-09-07,125,1.78496005114118e-07
"126","United States","US","USA","en.wikipedia","Q382370",242702,"Mpox",2022-09-08,126,1.78496005114118e-07
"127","United States","US","USA","en.wikipedia","Q382370",242702,"Mpox",2022-09-09,127,4.44955157820465e-07
"128","United States","US","USA","en.wikipedia","Q382370",242702,"Mpox",2022-09-10,128,5.00549843798699e-07
"129","United States","US","USA","en.wikipedia","Q382370",242702,"Mpox",2022-09-11,129,5.00549843798699e-07
"130","United States","US","USA","en.wikipedia","Q382370",242702,"Mpox",2022-09-12,130,5.00549843798699e-07
"131","United States","US","USA","en.wikipedia","Q382370",242702,"Mpox",2022-09-13,131,7.34047524907284e-07
"132","United States","US","USA","en.wikipedia","Q382370",242702,"Mpox",2022-09-14,132,9.42787039193562e-07
"133","United States","US","USA","en.wikipedia","Q382370",242702,"Mpox",2022-09-15,133,9.42787039193562e-07
"134","United States","US","USA","en.wikipedia","Q382370",242702,"Mpox",2022-09-16,134,8.67623023750989e-07
"135","United States","US","USA","en.wikipedia","Q382370",242702,"Mpox",2022-09-17,135,8.01749498054112e-07
"136","United States","US","USA","en.wikipedia","Q382370",242702,"Mpox",2022-09-18,136,9.61713941175485e-07
"137","United States","US","USA","en.wikipedia","Q382370",242702,"Mpox",2022-09-19,137,1.1439656761868e-06
"138","United States","US","USA","en.wikipedia","Q382370",242702,"Mpox",2022-09-20,138,9.10467995078215e-07
"139","United States","US","USA","en.wikipedia","Q382370",242702,"Mpox",2022-09-21,139,8.57393601530994e-07
"140","United States","US","USA","en.wikipedia","Q382370",242702,"Mpox",2022-09-22,140,9.8632385550185e-07
"141","United States","US","USA","en.wikipedia","Q382370",242702,"Mpox",2022-09-23,141,8.71428171146832e-07
"142","United States","US","USA","en.wikipedia","Q382370",242702,"Mpox",2022-09-24,142,7.03211005751357e-07
"143","United States","US","USA","en.wikipedia","Q382370",242702,"Mpox",2022-09-25,143,5.43246562629983e-07
"144","United States","US","USA","en.wikipedia","Q382370",242702,"Mpox",2022-09-26,144,4.10066403775457e-07
"145","United States","US","USA","en.wikipedia","Q382370",242702,"Mpox",2022-09-27,145,4.10066403775457e-07
"146","United States","US","USA","en.wikipedia","Q382370",242702,"Mpox",2022-09-28,146,2.88845279593583e-07
"147","United States","US","USA","en.wikipedia","Q382370",242702,"Mpox",2022-09-29,147,1.95001449662323e-07
"148","United States","US","USA","en.wikipedia","Q382370",242702,"Mpox",2022-09-30,148,1.56653470712003e-07
"149","United States","US","USA","en.wikipedia","Q382370",242702,"Mpox",2022-10-01,149,1.83456740770075e-07
"150","United States","US","USA","en.wikipedia","Q382370",242702,"Mpox",2022-10-02,150,1.83456740770075e-07
"151","United States","US","USA","en.wikipedia","Q382370",242702,"Mpox",2022-10-03,151,1.34385164613287e-07
"152","United States","US","USA","en.wikipedia","Q382370",242702,"Mpox",2022-10-04,152,1.34385164613287e-07
"153","United States","US","USA","en.wikipedia","Q382370",242702,"Mpox",2022-10-05,153,1.3226275842025e-07
"154","United States","US","USA","en.wikipedia","Q382370",242702,"Mpox",2022-10-06,154,9.71763343806536e-08
"155","United States","US","USA","en.wikipedia","Q382370",242702,"Mpox",2022-10-07,155,8.77511470099745e-08
"156","United States","US","USA","en.wikipedia","Q382370",242702,"Mpox",2022-10-08,156,8.48934454229007e-08
"157","United States","US","USA","en.wikipedia","Q382370",242702,"Mpox",2022-10-09,157,8.48934454229007e-08
"158","United States","US","USA","en.wikipedia","Q382370",242702,"Mpox",2022-10-10,158,1.12977754123454e-07
"159","United States","US","USA","en.wikipedia","Q382370",242702,"Mpox",2022-10-11,159,1.41406957843137e-07
"160","United States","US","USA","en.wikipedia","Q382370",242702,"Mpox",2022-10-12,160,1.37711654066748e-07
"161","United States","US","USA","en.wikipedia","Q382370",242702,"Mpox",2022-10-13,161,1.71117200205301e-07
"162","United States","US","USA","en.wikipedia","Q382370",242702,"Mpox",2022-10-14,162,1.67766791448042e-07
"163","United States","US","USA","en.wikipedia","Q382370",242702,"Mpox",2022-10-15,163,1.68702935071394e-07
"164","United States","US","USA","en.wikipedia","Q382370",242702,"Mpox",2022-10-16,164,1.68702935071394e-07
"165","United States","US","USA","en.wikipedia","Q382370",242702,"Mpox",2022-10-17,165,1.67914603599098e-07
"166","United States","US","USA","en.wikipedia","Q382370",242702,"Mpox",2022-10-18,166,1.67717520731024e-07
"167","United States","US","USA","en.wikipedia","Q382370",242702,"Mpox",2022-10-19,167,1.39091234143267e-07
"168","United States","US","USA","en.wikipedia","Q382370",242702,"Mpox",2022-10-20,168,1.05685688004714e-07
"169","United States","US","USA","en.wikipedia","Q382370",242702,"Mpox",2022-10-21,169,1.03123610719751e-07
"170","United States","US","USA","en.wikipedia","Q382370",242702,"Mpox",2022-10-22,170,7.82418986254012e-08
"171","United States","US","USA","en.wikipedia","Q382370",242702,"Mpox",2022-10-23,171,1.04798815098381e-07
"172","United States","US","USA","en.wikipedia","Q382370",242702,"Mpox",2022-10-24,172,7.75028378701235e-08
"173","United States","US","USA","en.wikipedia","Q382370",242702,"Mpox",2022-10-25,173,8.03605394571973e-08
"174","United States","US","USA","en.wikipedia","Q382370",242702,"Mpox",2022-10-26,174,1.1179525691501e-07
"175","United States","US","USA","en.wikipedia","Q382370",242702,"Mpox",2022-10-27,175,1.40717167804878e-07
"176","United States","US","USA","en.wikipedia","Q382370",242702,"Mpox",2022-10-28,176,1.18003367259342e-07
"177","United States","US","USA","en.wikipedia","Q382370",242702,"Mpox",2022-10-29,177,1.18003367259342e-07
"178","United States","US","USA","en.wikipedia","Q382370",242702,"Mpox",2022-10-30,178,9.14464507863631e-08
"179","United States","US","USA","en.wikipedia","Q382370",242702,"Mpox",2022-10-31,179,9.14464507863631e-08
"180","United States","US","USA","en.wikipedia","Q382370",242702,"Mpox",2022-11-01,180,6.03566283476804e-08
"181","United States","US","USA","en.wikipedia","Q382370",242702,"Mpox",2022-11-02,181,2.89219108898681e-08
"182","United States","US","USA","en.wikipedia","Q382370",242702,"Mpox",2022-11-03,182,0
"183","United States","US","USA","en.wikipedia","Q382370",242702,"Mpox",2022-11-04,183,3.86683727199159e-08
"184","United States","US","USA","en.wikipedia","Q382370",242702,"Mpox",2022-11-05,184,3.86683727199159e-08
"185","United States","US","USA","en.wikipedia","Q382370",242702,"Mpox",2022-11-06,185,3.86683727199159e-08
"186","United States","US","USA","en.wikipedia","Q382370",242702,"Mpox",2022-11-07,186,6.75825613303035e-08
"187","United States","US","USA","en.wikipedia","Q382370",242702,"Mpox",2022-11-08,187,9.65962824316046e-08
"188","United States","US","USA","en.wikipedia","Q382370",242702,"Mpox",2022-11-09,188,1.33074940351422e-07
"189","United States","US","USA","en.wikipedia","Q382370",242702,"Mpox",2022-11-10,189,1.74132092853264e-07
"190","United States","US","USA","en.wikipedia","Q382370",242702,"Mpox",2022-11-11,190,1.83289082017311e-07
"191","United States","US","USA","en.wikipedia","Q382370",242702,"Mpox",2022-11-12,191,2.25789455637398e-07
"192","United States","US","USA","en.wikipedia","Q382370",242702,"Mpox",2022-11-13,192,2.66100114457388e-07
"193","United States","US","USA","en.wikipedia","Q382370",242702,"Mpox",2022-11-14,193,2.76202662285114e-07
"194","United States","US","USA","en.wikipedia","Q382370",242702,"Mpox",2022-11-15,194,2.47188941183813e-07
"195","United States","US","USA","en.wikipedia","Q382370",242702,"Mpox",2022-11-16,195,2.10710283263995e-07
"196","United States","US","USA","en.wikipedia","Q382370",242702,"Mpox",2022-11-17,196,1.69653130762154e-07
"197","United States","US","USA","en.wikipedia","Q382370",242702,"Mpox",2022-11-18,197,1.21827768878191e-07
"198","United States","US","USA","en.wikipedia","Q382370",242702,"Mpox",2022-11-19,198,1.07096960222985e-07
"199","United States","US","USA","en.wikipedia","Q382370",242702,"Mpox",2022-11-20,199,9.23661515677786e-08
"200","United States","US","USA","en.wikipedia","Q382370",242702,"Mpox",2022-11-21,200,5.33494151296652e-08
"201","United States","US","USA","en.wikipedia","Q382370",242702,"Mpox",2022-11-22,201,8.0870148867263e-08
"202","United States","US","USA","en.wikipedia","Q382370",242702,"Mpox",2022-11-23,202,1.24067249923746e-07
"203","United States","US","USA","en.wikipedia","Q382370",242702,"Mpox",2022-11-24,203,1.61939362716353e-07
"204","United States","US","USA","en.wikipedia","Q382370",242702,"Mpox",2022-11-25,204,1.61939362716353e-07
"205","United States","US","USA","en.wikipedia","Q382370",242702,"Mpox",2022-11-26,205,1.69105702062129e-07
"206","United States","US","USA","en.wikipedia","Q382370",242702,"Mpox",2022-11-27,206,1.78063626244349e-07
"207","United States","US","USA","en.wikipedia","Q382370",242702,"Mpox",2022-11-28,207,2.79437468239804e-07
"208","United States","US","USA","en.wikipedia","Q382370",242702,"Mpox",2022-11-29,208,3.92257546690318e-07
"209","United States","US","USA","en.wikipedia","Q382370",242702,"Mpox",2022-11-30,209,4.22067527718928e-07
"210","United States","US","USA","en.wikipedia","Q382370",242702,"Mpox",2022-12-01,210,4.38976991180398e-07
"211","United States","US","USA","en.wikipedia","Q382370",242702,"Mpox",2022-12-02,211,4.75774224340388e-07
"212","United States","US","USA","en.wikipedia","Q382370",242702,"Mpox",2022-12-03,212,4.4083832002973e-07
"213","United States","US","USA","en.wikipedia","Q382370",242702,"Mpox",2022-12-04,213,4.46996823415961e-07
"214","United States","US","USA","en.wikipedia","Q382370",242702,"Mpox",2022-12-05,214,3.45622981420506e-07
"215","United States","US","USA","en.wikipedia","Q382370",242702,"Mpox",2022-12-06,215,2.05282169232394e-07
"216","United States","US","USA","en.wikipedia","Q382370",242702,"Mpox",2022-12-07,216,1.32275087147302e-07
"217","United States","US","USA","en.wikipedia","Q382370",242702,"Mpox",2022-12-08,217,1.09660628622487e-07
"218","United States","US","USA","en.wikipedia","Q382370",242702,"Mpox",2022-12-09,218,7.28633954624966e-08
"219","United States","US","USA","en.wikipedia","Q382370",242702,"Mpox",2022-12-10,219,7.28633954624966e-08
"220","United States","US","USA","en.wikipedia","Q382370",242702,"Mpox",2022-12-11,220,3.21671177292627e-08
"221","United States","US","USA","en.wikipedia","Q382370",242702,"Mpox",2022-12-12,221,3.21671177292627e-08
"222","United States","US","USA","en.wikipedia","Q382370",242702,"Mpox",2022-12-13,222,3.21671177292627e-08
"223","United States","US","USA","en.wikipedia","Q382370",242702,"Mpox",2022-12-14,223,3.21671177292627e-08
"224","United States","US","USA","en.wikipedia","Q382370",242702,"Mpox",2022-12-15,224,0
"225","United States","US","USA","en.wikipedia","Q382370",242702,"Mpox",2022-12-16,225,0
"226","United States","US","USA","en.wikipedia","Q382370",242702,"Mpox",2022-12-17,226,0
"227","United States","US","USA","en.wikipedia","Q382370",242702,"Mpox",2022-12-18,227,0
"228","United States","US","USA","en.wikipedia","Q382370",242702,"Mpox",2022-12-19,228,0
"229","United States","US","USA","en.wikipedia","Q382370",242702,"Mpox",2022-12-20,229,0
"230","United States","US","USA","en.wikipedia","Q382370",242702,"Mpox",2022-12-21,230,0
"231","United States","US","USA","en.wikipedia","Q382370",242702,"Mpox",2022-12-22,231,0
"232","United States","US","USA","en.wikipedia","Q382370",242702,"Mpox",2022-12-23,232,0
"233","United States","US","USA","en.wikipedia","Q382370",242702,"Mpox",2022-12-24,233,0
"234","United States","US","USA","en.wikipedia","Q382370",242702,"Mpox",2022-12-25,234,0
"235","United States","US","USA","en.wikipedia","Q382370",242702,"Mpox",2022-12-26,235,0
"236","United States","US","USA","en.wikipedia","Q382370",242702,"Mpox",2022-12-27,236,0
"237","United States","US","USA","en.wikipedia","Q382370",242702,"Mpox",2022-12-28,237,2.32480532679672e-08
"238","United States","US","USA","en.wikipedia","Q382370",242702,"Mpox",2022-12-29,238,2.32480532679672e-08
"239","United States","US","USA","en.wikipedia","Q382370",242702,"Mpox",2022-12-30,239,2.32480532679672e-08
"240","United States","US","USA","en.wikipedia","Q382370",242702,"Mpox",2022-12-31,240,2.32480532679672e-08
"241","United States","US","USA","en.wikipedia","Q382370",242702,"Mpox",2023-01-01,241,2.32480532679672e-08
"242","United States","US","USA","en.wikipedia","Q382370",242702,"Mpox",2023-01-02,242,2.32480532679672e-08
"243","United States","US","USA","en.wikipedia","Q382370",242702,"Mpox",2023-01-03,243,2.32480532679672e-08
"244","United States","US","USA","en.wikipedia","Q382370",242702,"Mpox",2023-01-04,244,0
"245","United States","US","USA","en.wikipedia","Q382370",242702,"Mpox",2023-01-05,245,0
"246","United States","US","USA","en.wikipedia","Q382370",242702,"Mpox",2023-01-06,246,2.34773307589658e-08
"247","United States","US","USA","en.wikipedia","Q382370",242702,"Mpox",2023-01-07,247,2.34773307589658e-08
"248","United States","US","USA","en.wikipedia","Q382370",242702,"Mpox",2023-01-08,248,2.34773307589658e-08
"249","United States","US","USA","en.wikipedia","Q382370",242702,"Mpox",2023-01-09,249,2.34773307589658e-08
"250","United States","US","USA","en.wikipedia","Q382370",242702,"Mpox",2023-01-10,250,2.34773307589658e-08
"251","United States","US","USA","en.wikipedia","Q382370",242702,"Mpox",2023-01-11,251,2.34773307589658e-08
"252","United States","US","USA","en.wikipedia","Q382370",242702,"Mpox",2023-01-12,252,2.34773307589658e-08
"253","United States","US","USA","en.wikipedia","Q382370",242702,"Mpox",2023-01-13,253,0
"254","United States","US","USA","en.wikipedia","Q382370",242702,"Mpox",2023-01-14,254,0
"255","United States","US","USA","en.wikipedia","Q382370",242702,"Mpox",2023-01-15,255,0
"256","United States","US","USA","en.wikipedia","Q382370",242702,"Mpox",2023-01-16,256,0
"257","United States","US","USA","en.wikipedia","Q382370",242702,"Mpox",2023-01-17,257,0
"258","United States","US","USA","en.wikipedia","Q382370",242702,"Mpox",2023-01-18,258,0
"259","United States","US","USA","en.wikipedia","Q382370",242702,"Mpox",2023-01-19,259,0
"260","United States","US","USA","en.wikipedia","Q382370",242702,"Mpox",2023-01-20,260,0
"261","United States","US","USA","en.wikipedia","Q382370",242702,"Mpox",2023-01-21,261,0
"262","United States","US","USA","en.wikipedia","Q382370",242702,"Mpox",2023-01-22,262,0
"263","United States","US","USA","en.wikipedia","Q382370",242702,"Mpox",2023-01-23,263,0
"264","United States","US","USA","en.wikipedia","Q382370",242702,"Mpox",2023-01-24,264,0
"265","United States","US","USA","en.wikipedia","Q382370",242702,"Mpox",2023-01-25,265,2.34326120337106e-08
"266","United States","US","USA","en.wikipedia","Q382370",242702,"Mpox",2023-01-26,266,2.34326120337106e-08
"267","United States","US","USA","en.wikipedia","Q382370",242702,"Mpox",2023-01-27,267,2.34326120337106e-08
"268","United States","US","USA","en.wikipedia","Q382370",242702,"Mpox",2023-01-28,268,2.34326120337106e-08
"269","United States","US","USA","en.wikipedia","Q382370",242702,"Mpox",2023-01-29,269,2.34326120337106e-08
"270","United States","US","USA","en.wikipedia","Q382370",242702,"Mpox",2023-01-30,270,2.34326120337106e-08
"271","United States","US","USA","en.wikipedia","Q382370",242702,"Mpox",2023-01-31,271,4.36454758490487e-08
"272","United States","US","USA","en.wikipedia","Q382370",242702,"Mpox",2023-02-01,272,2.02128638153381e-08
"273","United States","US","USA","en.wikipedia","Q382370",242702,"Mpox",2023-02-02,273,2.02128638153381e-08
"274","United States","US","USA","en.wikipedia","Q382370",242702,"Mpox",2023-02-03,274,2.02128638153381e-08
"275","United States","US","USA","en.wikipedia","Q382370",242702,"Mpox",2023-02-04,275,2.02128638153381e-08
"276","United States","US","USA","en.wikipedia","Q382370",242702,"Mpox",2023-02-05,276,2.02128638153381e-08
"277","United States","US","USA","en.wikipedia","Q382370",242702,"Mpox",2023-02-06,277,2.02128638153381e-08
"278","United States","US","USA","en.wikipedia","Q382370",242702,"Mpox",2023-02-07,278,0
"279","United States","US","USA","en.wikipedia","Q382370",242702,"Mpox",2023-02-08,279,0
"280","United States","US","USA","en.wikipedia","Q382370",242702,"Mpox",2023-02-09,280,0
"281","United States","US","USA","en.wikipedia","Q382370",242702,"Mpox",2023-02-10,281,0
"282","United States","US","USA","en.wikipedia","Q382370",242702,"Mpox",2023-02-11,282,0
"283","United States","US","USA","en.wikipedia","Q382370",242702,"Mpox",2023-02-12,283,0
"284","United States","US","USA","en.wikipedia","Q382370",242702,"Mpox",2023-02-13,284,0
"285","United States","US","USA","en.wikipedia","Q382370",242702,"Mpox",2023-02-14,285,0
"286","United States","US","USA","en.wikipedia","Q382370",242702,"Mpox",2023-02-15,286,0
"287","United States","US","USA","en.wikipedia","Q382370",242702,"Mpox",2023-02-16,287,0
"288","United States","US","USA","en.wikipedia","Q382370",242702,"Mpox",2023-02-17,288,0
"289","United States","US","USA","en.wikipedia","Q382370",242702,"Mpox",2023-02-18,289,0
"290","United States","US","USA","en.wikipedia","Q382370",242702,"Mpox",2023-02-19,290,0
"291","United States","US","USA","en.wikipedia","Q382370",242702,"Mpox",2023-02-20,291,0
"292","United States","US","USA","en.wikipedia","Q382370",242702,"Mpox",2023-02-21,292,0
"293","United States","US","USA","en.wikipedia","Q382370",242702,"Mpox",2023-02-22,293,0
"294","United States","US","USA","en.wikipedia","Q382370",242702,"Mpox",2023-02-23,294,0
"295","United States","US","USA","en.wikipedia","Q382370",242702,"Mpox",2023-02-24,295,0
"296","United States","US","USA","en.wikipedia","Q382370",242702,"Mpox",2023-02-25,296,0
"297","United States","US","USA","en.wikipedia","Q382370",242702,"Mpox",2023-02-26,297,0
"298","United States","US","USA","en.wikipedia","Q382370",242702,"Mpox",2023-02-27,298,0
"299","United States","US","USA","en.wikipedia","Q382370",242702,"Mpox",2023-02-28,299,0
"300","United States","US","USA","en.wikipedia","Q382370",242702,"Mpox",2023-03-01,300,0
"301","United States","US","USA","en.wikipedia","Q382370",242702,"Mpox",2023-03-02,301,0
"302","United States","US","USA","en.wikipedia","Q382370",242702,"Mpox",2023-03-03,302,0
"303","United States","US","USA","en.wikipedia","Q382370",242702,"Mpox",2023-03-04,303,0
"304","United States","US","USA","en.wikipedia","Q382370",242702,"Mpox",2023-03-05,304,0
"305","United States","US","USA","en.wikipedia","Q382370",242702,"Mpox",2023-03-06,305,0
"306","United States","US","USA","en.wikipedia","Q382370",242702,"Mpox",2023-03-07,306,0
"307","United States","US","USA","en.wikipedia","Q382370",242702,"Mpox",2023-03-08,307,0
"308","United States","US","USA","en.wikipedia","Q382370",242702,"Mpox",2023-03-09,308,0
"309","United States","US","USA","en.wikipedia","Q382370",242702,"Mpox",2023-03-10,309,0
"310","United States","US","USA","en.wikipedia","Q382370",242702,"Mpox",2023-03-11,310,0
"311","United States","US","USA","en.wikipedia","Q382370",242702,"Mpox",2023-03-12,311,0
"312","United States","US","USA","en.wikipedia","Q382370",242702,"Mpox",2023-03-13,312,0
"313","United States","US","USA","en.wikipedia","Q382370",242702,"Mpox",2023-03-14,313,0
"314","United States","US","USA","en.wikipedia","Q382370",242702,"Mpox",2023-03-15,314,0
"315","United States","US","USA","en.wikipedia","Q382370",242702,"Mpox",2023-03-16,315,0
"316","United States","US","USA","en.wikipedia","Q382370",242702,"Mpox",2023-03-17,316,0
"317","United States","US","USA","en.wikipedia","Q382370",242702,"Mpox",2023-03-18,317,0
"318","United States","US","USA","en.wikipedia","Q382370",242702,"Mpox",2023-03-19,318,0
"319","United States","US","USA","en.wikipedia","Q382370",242702,"Mpox",2023-03-20,319,0
"320","United States","US","USA","en.wikipedia","Q382370",242702,"Mpox",2023-03-21,320,0
"321","United States","US","USA","en.wikipedia","Q382370",242702,"Mpox",2023-03-22,321,0
"322","United States","US","USA","en.wikipedia","Q382370",242702,"Mpox",2023-03-23,322,0
"323","United States","US","USA","en.wikipedia","Q382370",242702,"Mpox",2023-03-24,323,0
"324","United States","US","USA","en.wikipedia","Q382370",242702,"Mpox",2023-03-25,324,0
"325","United States","US","USA","en.wikipedia","Q382370",242702,"Mpox",2023-03-26,325,0
"326","United States","US","USA","en.wikipedia","Q382370",242702,"Mpox",2023-03-27,326,0
"327","United States","US","USA","en.wikipedia","Q382370",242702,"Mpox",2023-03-28,327,0
"328","United States","US","USA","en.wikipedia","Q382370",242702,"Mpox",2023-03-29,328,0
"329","United States","US","USA","en.wikipedia","Q382370",242702,"Mpox",2023-03-30,329,0
"330","United States","US","USA","en.wikipedia","Q382370",242702,"Mpox",2023-03-31,330,0
"331","United States","US","USA","en.wikipedia","Q382370",242702,"Mpox",2023-04-01,331,0
"332","United States","US","USA","en.wikipedia","Q382370",242702,"Mpox",2023-04-02,332,0
"333","United States","US","USA","en.wikipedia","Q382370",242702,"Mpox",2023-04-03,333,0
"334","United States","US","USA","en.wikipedia","Q382370",242702,"Mpox",2023-04-04,334,0
"335","United States","US","USA","en.wikipedia","Q382370",242702,"Mpox",2023-04-05,335,0
"336","United States","US","USA","en.wikipedia","Q382370",242702,"Mpox",2023-04-06,336,0
"337","United States","US","USA","en.wikipedia","Q382370",242702,"Mpox",2023-04-07,337,0
"338","United States","US","USA","en.wikipedia","Q382370",242702,"Mpox",2023-04-08,338,0
"339","United States","US","USA","en.wikipedia","Q382370",242702,"Mpox",2023-04-09,339,0
"340","United States","US","USA","en.wikipedia","Q382370",242702,"Mpox",2023-04-10,340,0
"341","United States","US","USA","en.wikipedia","Q382370",242702,"Mpox",2023-04-11,341,0
"342","United States","US","USA","en.wikipedia","Q382370",242702,"Mpox",2023-04-12,342,0
"343","United States","US","USA","en.wikipedia","Q382370",242702,"Mpox",2023-04-13,343,0
"344","United States","US","USA","en.wikipedia","Q382370",242702,"Mpox",2023-04-14,344,0
"345","United States","US","USA","en.wikipedia","Q382370",242702,"Mpox",2023-04-15,345,0
"346","United States","US","USA","en.wikipedia","Q382370",242702,"Mpox",2023-04-16,346,0
"347","United States","US","USA","en.wikipedia","Q382370",242702,"Mpox",2023-04-17,347,0
"348","United States","US","USA","en.wikipedia","Q382370",242702,"Mpox",2023-04-18,348,0
"349","United States","US","USA","en.wikipedia","Q382370",242702,"Mpox",2023-04-19,349,0
"350","United States","US","USA","en.wikipedia","Q382370",242702,"Mpox",2023-04-20,350,0
"351","United States","US","USA","en.wikipedia","Q382370",242702,"Mpox",2023-04-21,351,0
"352","United States","US","USA","en.wikipedia","Q382370",242702,"Mpox",2023-04-22,352,0
"353","United States","US","USA","en.wikipedia","Q382370",242702,"Mpox",2023-04-23,353,0
"354","United States","US","USA","en.wikipedia","Q382370",242702,"Mpox",2023-04-24,354,0
"355","United States","US","USA","en.wikipedia","Q382370",242702,"Mpox",2023-04-25,355,0
"356","United States","US","USA","en.wikipedia","Q382370",242702,"Mpox",2023-04-26,356,0
"357","United States","US","USA","en.wikipedia","Q382370",242702,"Mpox",2023-04-27,357,0
"358","United States","US","USA","en.wikipedia","Q382370",242702,"Mpox",2023-04-28,358,0
"359","United States","US","USA","en.wikipedia","Q382370",242702,"Mpox",2023-04-29,359,0
"360","United States","US","USA","en.wikipedia","Q382370",242702,"Mpox",2023-04-30,360,0
"361","United States","US","USA","en.wikipedia","Q382370",242702,"Mpox",2023-05-01,361,0
"362","United States","US","USA","en.wikipedia","Q382370",242702,"Mpox",2023-05-02,362,0
"363","United States","US","USA","en.wikipedia","Q382370",242702,"Mpox",2023-05-03,363,0
"364","United States","US","USA","en.wikipedia","Q382370",242702,"Mpox",2023-05-04,364,0
"365","United States","US","USA","en.wikipedia","Q382370",242702,"Mpox",2023-05-05,365,0
"366","United States","US","USA","en.wikipedia","Q382370",242702,"Mpox",2023-05-06,366,0
"367","United States","US","USA","en.wikipedia","Q382370",242702,"Mpox",2023-05-07,367,0
"368","United States","US","USA","en.wikipedia","Q382370",242702,"Mpox",2023-05-08,368,0
"369","United States","US","USA","en.wikipedia","Q382370",242702,"Mpox",2023-05-09,369,0
"370","United States","US","USA","en.wikipedia","Q382370",242702,"Mpox",2023-05-10,370,0
"371","United States","US","USA","en.wikipedia","Q382370",242702,"Mpox",2023-05-11,371,2.50948089486568e-08
"372","United States","US","USA","en.wikipedia","Q382370",242702,"Mpox",2023-05-12,372,2.50948089486568e-08
"373","United States","US","USA","en.wikipedia","Q382370",242702,"Mpox",2023-05-13,373,2.50948089486568e-08
"374","United States","US","USA","en.wikipedia","Q382370",242702,"Mpox",2023-05-14,374,2.50948089486568e-08
"375","United States","US","USA","en.wikipedia","Q382370",242702,"Mpox",2023-05-15,375,2.50948089486568e-08
"376","United States","US","USA","en.wikipedia","Q382370",242702,"Mpox",2023-05-16,376,5.18055715038559e-08
"377","United States","US","USA","en.wikipedia","Q382370",242702,"Mpox",2023-05-17,377,5.18055715038559e-08
"378","United States","US","USA","en.wikipedia","Q382370",242702,"Mpox",2023-05-18,378,2.67107625551991e-08
"379","United States","US","USA","en.wikipedia","Q382370",242702,"Mpox",2023-05-19,379,5.74138810795026e-08
"380","United States","US","USA","en.wikipedia","Q382370",242702,"Mpox",2023-05-20,380,5.74138810795026e-08
"381","United States","US","USA","en.wikipedia","Q382370",242702,"Mpox",2023-05-21,381,5.74138810795026e-08
"382","United States","US","USA","en.wikipedia","Q382370",242702,"Mpox",2023-05-22,382,5.74138810795026e-08
"383","United States","US","USA","en.wikipedia","Q382370",242702,"Mpox",2023-05-23,383,3.07031185243036e-08
"384","United States","US","USA","en.wikipedia","Q382370",242702,"Mpox",2023-05-24,384,3.07031185243036e-08
"385","United States","US","USA","en.wikipedia","Q382370",242702,"Mpox",2023-05-25,385,3.07031185243036e-08
"386","United States","US","USA","en.wikipedia","Q382370",242702,"Mpox",2023-05-26,386,0
"387","United States","US","USA","en.wikipedia","Q382370",242702,"Mpox",2023-05-27,387,0
"388","United States","US","USA","en.wikipedia","Q382370",242702,"Mpox",2023-05-28,388,0
"389","United States","US","USA","en.wikipedia","Q382370",242702,"Mpox",2023-05-29,389,0
"390","United States","US","USA","en.wikipedia","Q382370",242702,"Mpox",2023-05-30,390,0
"391","United States","US","USA","en.wikipedia","Q382370",242702,"Mpox",2023-05-31,391,0
"392","United States","US","USA","en.wikipedia","Q382370",242702,"Mpox",2023-06-01,392,0
"393","United States","US","USA","en.wikipedia","Q382370",242702,"Mpox",2023-06-02,393,0
"394","United States","US","USA","en.wikipedia","Q382370",242702,"Mpox",2023-06-03,394,0
"395","United States","US","USA","en.wikipedia","Q382370",242702,"Mpox",2023-06-04,395,0
"396","United States","US","USA","en.wikipedia","Q382370",242702,"Mpox",2023-06-05,396,0
"397","United States","US","USA","en.wikipedia","Q382370",242702,"Mpox",2023-06-06,397,0
"398","United States","US","USA","en.wikipedia","Q382370",242702,"Mpox",2023-06-07,398,0
"399","United States","US","USA","en.wikipedia","Q382370",242702,"Mpox",2023-06-08,399,0
"400","United States","US","USA","en.wikipedia","Q382370",242702,"Mpox",2023-06-09,400,0
"401","United States","US","USA","en.wikipedia","Q382370",242702,"Mpox",2023-06-10,401,0
"402","United States","US","USA","en.wikipedia","Q382370",242702,"Mpox",2023-06-11,402,0
"403","United States","US","USA","en.wikipedia","Q382370",242702,"Mpox",2023-06-12,403,0
"404","United States","US","USA","en.wikipedia","Q382370",242702,"Mpox",2023-06-13,404,0
"405","United States","US","USA","en.wikipedia","Q382370",242702,"Mpox",2023-06-14,405,0
"406","United States","US","USA","en.wikipedia","Q382370",242702,"Mpox",2023-06-15,406,0
"407","United States","US","USA","en.wikipedia","Q382370",242702,"Mpox",2023-06-16,407,0
"408","United States","US","USA","en.wikipedia","Q382370",242702,"Mpox",2023-06-17,408,0
"409","United States","US","USA","en.wikipedia","Q382370",242702,"Mpox",2023-06-18,409,0
"410","United States","US","USA","en.wikipedia","Q382370",242702,"Mpox",2023-06-19,410,0
"411","United States","US","USA","en.wikipedia","Q382370",242702,"Mpox",2023-06-20,411,0
"412","United States","US","USA","en.wikipedia","Q382370",242702,"Mpox",2023-06-21,412,0
"413","United States","US","USA","en.wikipedia","Q382370",242702,"Mpox",2023-06-22,413,0
"414","United States","US","USA","en.wikipedia","Q382370",242702,"Mpox",2023-06-23,414,0
"415","United States","US","USA","en.wikipedia","Q382370",242702,"Mpox",2023-06-24,415,0
"416","United States","US","USA","en.wikipedia","Q382370",242702,"Mpox",2023-06-25,416,0
"417","United States","US","USA","en.wikipedia","Q382370",242702,"Mpox",2023-06-26,417,0
"418","United States","US","USA","en.wikipedia","Q382370",242702,"Mpox",2023-06-27,418,0
"419","United States","US","USA","en.wikipedia","Q382370",242702,"Mpox",2023-06-28,419,0
"420","United States","US","USA","en.wikipedia","Q382370",242702,"Mpox",2023-06-29,420,0
"421","United States","US","USA","en.wikipedia","Q382370",242702,"Mpox",2023-06-30,421,0
"422","United States","US","USA","en.wikipedia","Q382370",242702,"Mpox",2023-07-01,422,0
"423","United States","US","USA","en.wikipedia","Q382370",242702,"Mpox",2023-07-02,423,0
"424","United States","US","USA","en.wikipedia","Q382370",242702,"Mpox",2023-07-03,424,0
"425","United States","US","USA","en.wikipedia","Q382370",242702,"Mpox",2023-07-04,425,0
"426","United States","US","USA","en.wikipedia","Q382370",242702,"Mpox",2023-07-05,426,0
"427","United States","US","USA","en.wikipedia","Q382370",242702,"Mpox",2023-07-06,427,0
"428","United States","US","USA","en.wikipedia","Q382370",242702,"Mpox",2023-07-07,428,0
"429","United States","US","USA","en.wikipedia","Q382370",242702,"Mpox",2023-07-08,429,0
"430","United States","US","USA","en.wikipedia","Q382370",242702,"Mpox",2023-07-09,430,0
"431","United States","US","USA","en.wikipedia","Q382370",242702,"Mpox",2023-07-10,431,0
"432","United States","US","USA","en.wikipedia","Q382370",242702,"Mpox",2023-07-11,432,0
"433","United States","US","USA","en.wikipedia","Q382370",242702,"Mpox",2023-07-12,433,0
"434","United States","US","USA","en.wikipedia","Q382370",242702,"Mpox",2023-07-13,434,0
"435","United States","US","USA","en.wikipedia","Q382370",242702,"Mpox",2023-07-14,435,0
"436","United States","US","USA","en.wikipedia","Q382370",242702,"Mpox",2023-07-15,436,0
"437","United States","US","USA","en.wikipedia","Q382370",242702,"Mpox",2023-07-16,437,0
"438","United States","US","USA","en.wikipedia","Q382370",242702,"Mpox",2023-07-17,438,0
"439","United States","US","USA","en.wikipedia","Q382370",242702,"Mpox",2023-07-18,439,0
"440","United States","US","USA","en.wikipedia","Q382370",242702,"Mpox",2023-07-19,440,0
"441","United States","US","USA","en.wikipedia","Q382370",242702,"Mpox",2023-07-20,441,0
"442","United States","US","USA","en.wikipedia","Q382370",242702,"Mpox",2023-07-21,442,0
"443","United States","US","USA","en.wikipedia","Q382370",242702,"Mpox",2023-07-22,443,0
"444","United States","US","USA","en.wikipedia","Q382370",242702,"Mpox",2023-07-23,444,0
"445","United States","US","USA","en.wikipedia","Q382370",242702,"Mpox",2023-07-24,445,0
"446","United States","US","USA","en.wikipedia","Q382370",242702,"Mpox",2023-07-25,446,0
"447","United States","US","USA","en.wikipedia","Q382370",242702,"Mpox",2023-07-26,447,0
"448","United States","US","USA","en.wikipedia","Q382370",242702,"Mpox",2023-07-27,448,0
"449","United States","US","USA","en.wikipedia","Q382370",242702,"Mpox",2023-07-28,449,0
"450","United States","US","USA","en.wikipedia","Q382370",242702,"Mpox",2023-07-29,450,0
"451","United States","US","USA","en.wikipedia","Q382370",242702,"Mpox",2023-07-30,451,0
"452","United States","US","USA","en.wikipedia","Q382370",242702,"Mpox",2023-07-31,452,0
"453","United States","US","USA","en.wikipedia","Q382370",242702,"Mpox",2023-08-01,453,0
"454","United States","US","USA","en.wikipedia","Q382370",242702,"Mpox",2023-08-02,454,0
"455","United States","US","USA","en.wikipedia","Q382370",242702,"Mpox",2023-08-03,455,0
"456","United States","US","USA","en.wikipedia","Q382370",242702,"Mpox",2023-08-04,456,0
"457","United States","US","USA","en.wikipedia","Q382370",242702,"Mpox",2023-08-05,457,0
"458","United States","US","USA","en.wikipedia","Q382370",242702,"Mpox",2023-08-06,458,0
"459","United States","US","USA","en.wikipedia","Q382370",242702,"Mpox",2023-08-07,459,0
"460","United States","US","USA","en.wikipedia","Q382370",242702,"Mpox",2023-08-08,460,0
"461","United States","US","USA","en.wikipedia","Q382370",242702,"Mpox",2023-08-09,461,0
"462","United States","US","USA","en.wikipedia","Q382370",242702,"Mpox",2023-08-10,462,0
"463","United States","US","USA","en.wikipedia","Q382370",242702,"Mpox",2023-08-11,463,0
"464","United States","US","USA","en.wikipedia","Q382370",242702,"Mpox",2023-08-12,464,0
"465","United States","US","USA","en.wikipedia","Q382370",242702,"Mpox",2023-08-13,465,0
"466","United States","US","USA","en.wikipedia","Q382370",242702,"Mpox",2023-08-14,466,0
"467","United States","US","USA","en.wikipedia","Q382370",242702,"Mpox",2023-08-15,467,0
"468","United States","US","USA","en.wikipedia","Q382370",242702,"Mpox",2023-08-16,468,0
"469","United States","US","USA","en.wikipedia","Q382370",242702,"Mpox",2023-08-17,469,0
"470","United States","US","USA","en.wikipedia","Q382370",242702,"Mpox",2023-08-18,470,0
"471","United States","US","USA","en.wikipedia","Q382370",242702,"Mpox",2023-08-19,471,0
"472","United States","US","USA","en.wikipedia","Q382370",242702,"Mpox",2023-08-20,472,0
"473","United States","US","USA","en.wikipedia","Q382370",242702,"Mpox",2023-08-21,473,0
"474","United States","US","USA","en.wikipedia","Q382370",242702,"Mpox",2023-08-22,474,0
"475","United States","US","USA","en.wikipedia","Q382370",242702,"Mpox",2023-08-23,475,0
"476","United States","US","USA","en.wikipedia","Q382370",242702,"Mpox",2023-08-24,476,0
"477","United States","US","USA","en.wikipedia","Q382370",242702,"Mpox",2023-08-25,477,0
"478","United States","US","USA","en.wikipedia","Q382370",242702,"Mpox",2023-08-26,478,0
"479","United States","US","USA","en.wikipedia","Q382370",242702,"Mpox",2023-08-27,479,0
"480","United States","US","USA","en.wikipedia","Q382370",242702,"Mpox",2023-08-28,480,0
"481","United States","US","USA","en.wikipedia","Q382370",242702,"Mpox",2023-08-29,481,0
"482","United States","US","USA","en.wikipedia","Q382370",242702,"Mpox",2023-08-30,482,0
"483","United States","US","USA","en.wikipedia","Q382370",242702,"Mpox",2023-08-31,483,0
"484","United States","US","USA","en.wikipedia","Q382370",242702,"Mpox",2023-09-01,484,0
"485","United States","US","USA","en.wikipedia","Q382370",242702,"Mpox",2023-09-02,485,0
"486","United States","US","USA","en.wikipedia","Q382370",242702,"Mpox",2023-09-03,486,0
"487","United States","US","USA","en.wikipedia","Q382370",242702,"Mpox",2023-09-04,487,0
"488","United States","US","USA","en.wikipedia","Q382370",242702,"Mpox",2023-09-05,488,0
"489","United States","US","USA","en.wikipedia","Q382370",242702,"Mpox",2023-09-06,489,0
"490","United States","US","USA","en.wikipedia","Q382370",242702,"Mpox",2023-09-07,490,0
"491","United States","US","USA","en.wikipedia","Q382370",242702,"Mpox",2023-09-08,491,0
"492","United States","US","USA","en.wikipedia","Q382370",242702,"Mpox",2023-09-09,492,0
"493","United States","US","USA","en.wikipedia","Q382370",242702,"Mpox",2023-09-10,493,0
"494","United States","US","USA","en.wikipedia","Q382370",242702,"Mpox",2023-09-11,494,0
"495","United States","US","USA","en.wikipedia","Q382370",242702,"Mpox",2023-09-12,495,0
"496","United States","US","USA","en.wikipedia","Q382370",242702,"Mpox",2023-09-13,496,0
"497","United States","US","USA","en.wikipedia","Q382370",242702,"Mpox",2023-09-14,497,0
"498","United States","US","USA","en.wikipedia","Q382370",242702,"Mpox",2023-09-15,498,0
"499","United States","US","USA","en.wikipedia","Q382370",242702,"Mpox",2023-09-16,499,0
"500","United States","US","USA","en.wikipedia","Q382370",242702,"Mpox",2023-09-17,500,0
"501","United States","US","USA","en.wikipedia","Q382370",242702,"Mpox",2023-09-18,501,0
"502","United States","US","USA","en.wikipedia","Q382370",242702,"Mpox",2023-09-19,502,0
"503","United States","US","USA","en.wikipedia","Q382370",242702,"Mpox",2023-09-20,503,0
"504","United States","US","USA","en.wikipedia","Q382370",242702,"Mpox",2023-09-21,504,1.6051807061365e-08
"505","United States","US","USA","en.wikipedia","Q382370",242702,"Mpox",2023-09-22,505,2.5245114741965e-08
"506","United States","US","USA","en.wikipedia","Q382370",242702,"Mpox",2023-09-23,506,2.5245114741965e-08
"507","United States","US","USA","en.wikipedia","Q382370",242702,"Mpox",2023-09-24,507,3.19090467644105e-08
"508","United States","US","USA","en.wikipedia","Q382370",242702,"Mpox",2023-09-25,508,4.00808758138327e-08
"509","United States","US","USA","en.wikipedia","Q382370",242702,"Mpox",2023-09-26,509,4.00808758138327e-08
"510","United States","US","USA","en.wikipedia","Q382370",242702,"Mpox",2023-09-27,510,4.00808758138327e-08
"511","United States","US","USA","en.wikipedia","Q382370",242702,"Mpox",2023-09-28,511,2.99633731812147e-08
"512","United States","US","USA","en.wikipedia","Q382370",242702,"Mpox",2023-09-29,512,2.65584444106222e-08
"513","United States","US","USA","en.wikipedia","Q382370",242702,"Mpox",2023-09-30,513,3.15199120477713e-08
"514","United States","US","USA","en.wikipedia","Q382370",242702,"Mpox",2023-10-01,514,2.48559800253259e-08
"515","United States","US","USA","en.wikipedia","Q382370",242702,"Mpox",2023-10-02,515,1.66841509759037e-08
"516","United States","US","USA","en.wikipedia","Q382370",242702,"Mpox",2023-10-03,516,2.27250478477259e-08
"517","United States","US","USA","en.wikipedia","Q382370",242702,"Mpox",2023-10-04,517,3.02761689375037e-08
"518","United States","US","USA","en.wikipedia","Q382370",242702,"Mpox",2023-10-05,518,3.04285257508199e-08
"519","United States","US","USA","en.wikipedia","Q382370",242702,"Mpox",2023-10-06,519,2.46401468408125e-08
"520","United States","US","USA","en.wikipedia","Q382370",242702,"Mpox",2023-10-07,520,2.68179209612714e-08
"521","United States","US","USA","en.wikipedia","Q382370",242702,"Mpox",2023-10-08,521,3.16689442068257e-08
"522","United States","US","USA","en.wikipedia","Q382370",242702,"Mpox",2023-10-09,522,3.16689442068257e-08
"523","United States","US","USA","en.wikipedia","Q382370",242702,"Mpox",2023-10-10,523,3.22638810199597e-08
"524","United States","US","USA","en.wikipedia","Q382370",242702,"Mpox",2023-10-11,524,3.07994211722452e-08
"525","United States","US","USA","en.wikipedia","Q382370",242702,"Mpox",2023-10-12,525,3.20808235389954e-08
"526","United States","US","USA","en.wikipedia","Q382370",242702,"Mpox",2023-10-13,526,3.20808235389954e-08
"527","United States","US","USA","en.wikipedia","Q382370",242702,"Mpox",2023-10-14,527,2.97926050269415e-08
"528","United States","US","USA","en.wikipedia","Q382370",242702,"Mpox",2023-10-15,528,2.49415817813873e-08
"529","United States","US","USA","en.wikipedia","Q382370",242702,"Mpox",2023-10-16,529,2.49415817813873e-08
"530","United States","US","USA","en.wikipedia","Q382370",242702,"Mpox",2023-10-17,530,1.8305748096431e-08
"531","United States","US","USA","en.wikipedia","Q382370",242702,"Mpox",2023-10-18,531,2.10058459406546e-08
"532","United States","US","USA","en.wikipedia","Q382370",242702,"Mpox",2023-10-19,532,1.36377823318411e-08
"533","United States","US","USA","en.wikipedia","Q382370",242702,"Mpox",2023-10-20,533,1.36377823318411e-08
"534","United States","US","USA","en.wikipedia","Q382370",242702,"Mpox",2023-10-21,534,1.53768284010021e-08
"535","United States","US","USA","en.wikipedia","Q382370",242702,"Mpox",2023-10-22,535,1.53768284010021e-08
"536","United States","US","USA","en.wikipedia","Q382370",242702,"Mpox",2023-10-23,536,1.53768284010021e-08
"537","United States","US","USA","en.wikipedia","Q382370",242702,"Mpox",2023-10-24,537,2.22872483074048e-08
"538","United States","US","USA","en.wikipedia","Q382370",242702,"Mpox",2023-10-25,538,1.35004892211179e-08
"539","United States","US","USA","en.wikipedia","Q382370",242702,"Mpox",2023-10-26,539,1.35004892211179e-08
"540","United States","US","USA","en.wikipedia","Q382370",242702,"Mpox",2023-10-27,540,1.35004892211179e-08
"541","United States","US","USA","en.wikipedia","Q382370",242702,"Mpox",2023-10-28,541,1.26309661865374e-08
"542","United States","US","USA","en.wikipedia","Q382370",242702,"Mpox",2023-10-29,542,1.26309661865374e-08
"543","United States","US","USA","en.wikipedia","Q382370",242702,"Mpox",2023-10-30,543,1.99532654251098e-08
"544","United States","US","USA","en.wikipedia","Q382370",242702,"Mpox",2023-10-31,544,1.99532654251098e-08
"545","United States","US","USA","en.wikipedia","Q382370",242702,"Mpox",2023-11-01,545,2.94997649042319e-08
"546","United States","US","USA","en.wikipedia","Q382370",242702,"Mpox",2023-11-02,546,3.59590879348817e-08
"547","United States","US","USA","en.wikipedia","Q382370",242702,"Mpox",2023-11-03,547,4.37007765672046e-08
"548","United States","US","USA","en.wikipedia","Q382370",242702,"Mpox",2023-11-04,548,3.79802302870699e-08
"549","United States","US","USA","en.wikipedia","Q382370",242702,"Mpox",2023-11-05,549,3.79802302870699e-08
"550","United States","US","USA","en.wikipedia","Q382370",242702,"Mpox",2023-11-06,550,3.68322839454421e-08
"551","United States","US","USA","en.wikipedia","Q382370",242702,"Mpox",2023-11-07,551,3.6333692047405e-08
"552","United States","US","USA","en.wikipedia","Q382370",242702,"Mpox",2023-11-08,552,2.67871925682829e-08
"553","United States","US","USA","en.wikipedia","Q382370",242702,"Mpox",2023-11-09,553,2.03278695376331e-08
"554","United States","US","USA","en.wikipedia","Q382370",242702,"Mpox",2023-11-10,554,1.25861809053102e-08
"555","United States","US","USA","en.wikipedia","Q382370",242702,"Mpox",2023-11-11,555,1.71457030445924e-08
"556","United States","US","USA","en.wikipedia","Q382370",242702,"Mpox",2023-11-12,556,2.31300758524003e-08
"557","United States","US","USA","en.wikipedia","Q382370",242702,"Mpox",2023-11-13,557,1.69557229554557e-08
"558","United States","US","USA","en.wikipedia","Q382370",242702,"Mpox",2023-11-14,558,1.72406930891608e-08
"559","United States","US","USA","en.wikipedia","Q382370",242702,"Mpox",2023-11-15,559,2.51248667883362e-08
"560","United States","US","USA","en.wikipedia","Q382370",242702,"Mpox",2023-11-16,560,3.32465155989327e-08
"561","United States","US","USA","en.wikipedia","Q382370",242702,"Mpox",2023-11-17,561,3.32465155989327e-08
"562","United States","US","USA","en.wikipedia","Q382370",242702,"Mpox",2023-11-18,562,3.42439110669006e-08
"563","United States","US","USA","en.wikipedia","Q382370",242702,"Mpox",2023-11-19,563,2.82595382590928e-08
"564","United States","US","USA","en.wikipedia","Q382370",242702,"Mpox",2023-11-20,564,3.48613463565951e-08
"565","United States","US","USA","en.wikipedia","Q382370",242702,"Mpox",2023-11-21,565,3.57637517799947e-08
"566","United States","US","USA","en.wikipedia","Q382370",242702,"Mpox",2023-11-22,566,3.39114459109113e-08
"567","United States","US","USA","en.wikipedia","Q382370",242702,"Mpox",2023-11-23,567,2.57897971003149e-08
"568","United States","US","USA","en.wikipedia","Q382370",242702,"Mpox",2023-11-24,568,2.57897971003149e-08
"569","United States","US","USA","en.wikipedia","Q382370",242702,"Mpox",2023-11-25,569,2.02328794930647e-08
"570","United States","US","USA","en.wikipedia","Q382370",242702,"Mpox",2023-11-26,570,2.02328794930647e-08
"571","United States","US","USA","en.wikipedia","Q382370",242702,"Mpox",2023-11-27,571,1.36310713955624e-08
"572","United States","US","USA","en.wikipedia","Q382370",242702,"Mpox",2023-11-28,572,1.91404939805284e-08
"573","United States","US","USA","en.wikipedia","Q382370",242702,"Mpox",2023-11-29,573,1.31086261504363e-08
"574","United States","US","USA","en.wikipedia","Q382370",242702,"Mpox",2023-11-30,574,2.34625410083896e-08
"575","United States","US","USA","en.wikipedia","Q382370",242702,"Mpox",2023-12-01,575,2.34625410083896e-08
"576","United States","US","USA","en.wikipedia","Q382370",242702,"Mpox",2023-12-02,576,2.8815003921128e-08
"577","United States","US","USA","en.wikipedia","Q382370",242702,"Mpox",2023-12-03,577,2.8815003921128e-08
"578","United States","US","USA","en.wikipedia","Q382370",242702,"Mpox",2023-12-04,578,3.42136087555278e-08
"579","United States","US","USA","en.wikipedia","Q382370",242702,"Mpox",2023-12-05,579,2.11049826050915e-08
"580","United States","US","USA","en.wikipedia","Q382370",242702,"Mpox",2023-12-06,580,2.11049826050915e-08
"581","United States","US","USA","en.wikipedia","Q382370",242702,"Mpox",2023-12-07,581,1.07510677471382e-08
"582","United States","US","USA","en.wikipedia","Q382370",242702,"Mpox",2023-12-08,582,2.21942643191995e-08
"583","United States","US","USA","en.wikipedia","Q382370",242702,"Mpox",2023-12-09,583,4.91411465695373e-08
"584","United States","US","USA","en.wikipedia","Q382370",242702,"Mpox",2023-12-10,584,4.91411465695373e-08
"585","United States","US","USA","en.wikipedia","Q382370",242702,"Mpox",2023-12-11,585,4.37425417351374e-08
"586","United States","US","USA","en.wikipedia","Q382370",242702,"Mpox",2023-12-12,586,5.13098168876296e-08
"587","United States","US","USA","en.wikipedia","Q382370",242702,"Mpox",2023-12-13,587,6.09073365932293e-08
"588","United States","US","USA","en.wikipedia","Q382370",242702,"Mpox",2023-12-14,588,6.09073365932293e-08
"589","United States","US","USA","en.wikipedia","Q382370",242702,"Mpox",2023-12-15,589,4.94641400211681e-08
"590","United States","US","USA","en.wikipedia","Q382370",242702,"Mpox",2023-12-16,590,1.71647948580919e-08
"591","United States","US","USA","en.wikipedia","Q382370",242702,"Mpox",2023-12-17,591,1.71647948580919e-08
"592","United States","US","USA","en.wikipedia","Q382370",242702,"Mpox",2023-12-18,592,2.33016704390764e-08
"593","United States","US","USA","en.wikipedia","Q382370",242702,"Mpox",2023-12-19,593,2.26095416141533e-08
"594","United States","US","USA","en.wikipedia","Q382370",242702,"Mpox",2023-12-20,594,1.93796070978457e-08
"595","United States","US","USA","en.wikipedia","Q382370",242702,"Mpox",2023-12-21,595,1.93796070978457e-08
"596","United States","US","USA","en.wikipedia","Q382370",242702,"Mpox",2023-12-22,596,1.93796070978457e-08
"597","United States","US","USA","en.wikipedia","Q382370",242702,"Mpox",2023-12-23,597,1.93796070978457e-08
"598","United States","US","USA","en.wikipedia","Q382370",242702,"Mpox",2023-12-24,598,1.93796070978457e-08
"599","United States","US","USA","en.wikipedia","Q382370",242702,"Mpox",2023-12-25,599,2.15021354942764e-08
"600","United States","US","USA","en.wikipedia","Q382370",242702,"Mpox",2023-12-26,600,1.46269891667073e-08
"601","United States","US","USA","en.wikipedia","Q382370",242702,"Mpox",2023-12-27,601,1.32427315168612e-08
"602","United States","US","USA","en.wikipedia","Q382370",242702,"Mpox",2023-12-28,602,2.00255940011072e-08
"603","United States","US","USA","en.wikipedia","Q382370",242702,"Mpox",2023-12-29,603,2.85618495084916e-08
"604","United States","US","USA","en.wikipedia","Q382370",242702,"Mpox",2023-12-30,604,2.85618495084916e-08
"605","United States","US","USA","en.wikipedia","Q382370",242702,"Mpox",2023-12-31,605,3.54369958360607e-08
"606","United States","US","USA","en.wikipedia","Q382370",242702,"Mpox",2024-01-01,606,2.71775918586455e-08
"607","United States","US","USA","en.wikipedia","Q382370",242702,"Mpox",2024-01-02,607,3.24539375319834e-08
"608","United States","US","USA","en.wikipedia","Q382370",242702,"Mpox",2024-01-03,608,2.74706099925374e-08
"609","United States","US","USA","en.wikipedia","Q382370",242702,"Mpox",2024-01-04,609,2.78485023506786e-08
"610","United States","US","USA","en.wikipedia","Q382370",242702,"Mpox",2024-01-05,610,1.93122468432942e-08
"611","United States","US","USA","en.wikipedia","Q382370",242702,"Mpox",2024-01-06,611,1.93122468432942e-08
"612","United States","US","USA","en.wikipedia","Q382370",242702,"Mpox",2024-01-07,612,1.24371005157251e-08
"613","United States","US","USA","en.wikipedia","Q382370",242702,"Mpox",2024-01-08,613,1.95141038394879e-08
"614","United States","US","USA","en.wikipedia","Q382370",242702,"Mpox",2024-01-09,614,1.91790977649902e-08
"615","United States","US","USA","en.wikipedia","Q382370",242702,"Mpox",2024-01-10,615,2.55860889397577e-08
"616","United States","US","USA","en.wikipedia","Q382370",242702,"Mpox",2024-01-11,616,2.28641645844643e-08
"617","United States","US","USA","en.wikipedia","Q382370",242702,"Mpox",2024-01-12,617,3.00667951861637e-08
"618","United States","US","USA","en.wikipedia","Q382370",242702,"Mpox",2024-01-13,618,3.00667951861637e-08
"619","United States","US","USA","en.wikipedia","Q382370",242702,"Mpox",2024-01-14,619,3.00667951861637e-08
"620","United States","US","USA","en.wikipedia","Q382370",242702,"Mpox",2024-01-15,620,2.75542496274314e-08
"621","United States","US","USA","en.wikipedia","Q382370",242702,"Mpox",2024-01-16,621,2.75961253867436e-08
"622","United States","US","USA","en.wikipedia","Q382370",242702,"Mpox",2024-01-17,622,2.7470498108807e-08
"623","United States","US","USA","en.wikipedia","Q382370",242702,"Mpox",2024-01-18,623,2.30316676217132e-08
"624","United States","US","USA","en.wikipedia","Q382370",242702,"Mpox",2024-01-19,624,1.58290370200138e-08
"625","United States","US","USA","en.wikipedia","Q382370",242702,"Mpox",2024-01-20,625,1.58290370200138e-08
"626","United States","US","USA","en.wikipedia","Q382370",242702,"Mpox",2024-01-21,626,1.58290370200138e-08
"627","United States","US","USA","en.wikipedia","Q382370",242702,"Mpox",2024-01-22,627,1.60384158165748e-08
"628","United States","US","USA","en.wikipedia","Q382370",242702,"Mpox",2024-01-23,628,1.61640430945114e-08
"629","United States","US","USA","en.wikipedia","Q382370",242702,"Mpox",2024-01-24,629,1.47402672778964e-08
"630","United States","US","USA","en.wikipedia","Q382370",242702,"Mpox",2024-01-25,630,1.47402672778964e-08
"631","United States","US","USA","en.wikipedia","Q382370",242702,"Mpox",2024-01-26,631,1.47402672778964e-08
"632","United States","US","USA","en.wikipedia","Q382370",242702,"Mpox",2024-01-27,632,1.47402672778964e-08
"633","United States","US","USA","en.wikipedia","Q382370",242702,"Mpox",2024-01-28,633,2.1775394842347e-08
"634","United States","US","USA","en.wikipedia","Q382370",242702,"Mpox",2024-01-29,634,2.19010221202836e-08
"635","United States","US","USA","en.wikipedia","Q382370",242702,"Mpox",2024-01-30,635,1.67921794841945e-08
"636","United States","US","USA","en.wikipedia","Q382370",242702,"Mpox",2024-01-31,636,1.19345914039786e-08
"637","United States","US","USA","en.wikipedia","Q382370",242702,"Mpox",2024-02-01,637,1.80746381135761e-08
"638","United States","US","USA","en.wikipedia","Q382370",242702,"Mpox",2024-02-02,638,1.80746381135761e-08
"639","United States","US","USA","en.wikipedia","Q382370",242702,"Mpox",2024-02-03,639,2.48148397647131e-08
"640","United States","US","USA","en.wikipedia","Q382370",242702,"Mpox",2024-02-04,640,1.77797122002626e-08
"641","United States","US","USA","en.wikipedia","Q382370",242702,"Mpox",2024-02-05,641,1.81893113051232e-08
"642","United States","US","USA","en.wikipedia","Q382370",242702,"Mpox",2024-02-06,642,2.29443850727062e-08
"643","United States","US","USA","en.wikipedia","Q382370",242702,"Mpox",2024-02-07,643,3.07925650774548e-08
"644","United States","US","USA","en.wikipedia","Q382370",242702,"Mpox",2024-02-08,644,3.10695596658577e-08
"645","United States","US","USA","en.wikipedia","Q382370",242702,"Mpox",2024-02-09,645,3.10695596658577e-08
"646","United States","US","USA","en.wikipedia","Q382370",242702,"Mpox",2024-02-10,646,3.000774707698e-08
"647","United States","US","USA","en.wikipedia","Q382370",242702,"Mpox",2024-02-11,647,3.6517119904448e-08
"648","United States","US","USA","en.wikipedia","Q382370",242702,"Mpox",2024-02-12,648,3.12080569600592e-08
"649","United States","US","USA","en.wikipedia","Q382370",242702,"Mpox",2024-02-13,649,4.67197539106211e-08
"650","United States","US","USA","en.wikipedia","Q382370",242702,"Mpox",2024-02-14,650,5.83535266235426e-08
"651","United States","US","USA","en.wikipedia","Q382370",242702,"Mpox",2024-02-15,651,5.19364853255423e-08
"652","United States","US","USA","en.wikipedia","Q382370",242702,"Mpox",2024-02-16,652,5.19364853255423e-08
"653","United States","US","USA","en.wikipedia","Q382370",242702,"Mpox",2024-02-17,653,4.6258096263283e-08
"654","United States","US","USA","en.wikipedia","Q382370",242702,"Mpox",2024-02-18,654,3.9748723435815e-08
"655","United States","US","USA","en.wikipedia","Q382370",242702,"Mpox",2024-02-19,655,3.9748723435815e-08
"656","United States","US","USA","en.wikipedia","Q382370",242702,"Mpox",2024-02-20,656,2.74224642518863e-08
"657","United States","US","USA","en.wikipedia","Q382370",242702,"Mpox",2024-02-21,657,7.94051153421624e-09
"658","United States","US","USA","en.wikipedia","Q382370",242702,"Mpox",2024-02-22,658,1.71736644809793e-08
"659","United States","US","USA","en.wikipedia","Q382370",242702,"Mpox",2024-02-23,659,1.71736644809793e-08
"660","United States","US","USA","en.wikipedia","Q382370",242702,"Mpox",2024-02-24,660,2.20672355427637e-08
"661","United States","US","USA","en.wikipedia","Q382370",242702,"Mpox",2024-02-25,661,2.20672355427637e-08
"662","United States","US","USA","en.wikipedia","Q382370",242702,"Mpox",2024-02-26,662,3.04232389595843e-08
"663","United States","US","USA","en.wikipedia","Q382370",242702,"Mpox",2024-02-27,663,2.68684750750805e-08
